-- Locations
INSERT INTO locations (location_id, city, state) VALUES
(1, 'Boise', 'ID'),
(2, 'Seattle', 'WA'),
(3, 'Portland', 'OR'),
(4, 'Denver', 'CO'),
(5, 'Miami', 'FL');

-- Customers
INSERT INTO customers (customer_id, location_id) VALUES
(1,1),(2,2),(3,3),(4,4),(5,5),
(6,1),(7,2),(8,3),(9,4),(10,5),
(11,1),(12,2),(13,3),(14,4),(15,5),
(16,1),(17,2),(18,3),(19,4),(20,5),
(21,1),(22,2),(23,3),(24,4),(25,5),
(26,1),(27,2),(28,3),(29,4),(30,5),
(31,1),(32,2),(33,3),(34,4),(35,5),
(36,1),(37,2),(38,3),(39,4),(40,5),
(41,1),(42,2),(43,3),(44,4),(45,5),
(46,1),(47,2),(48,3),(49,4),(50,5);

-- Products
INSERT INTO products (product_id, product_name, category, price) VALUES
(1,'Whey Protein','Protein',49.99),(2,'Whey Isolate','Protein',59.99),(3,'Hydrolyzed Whey','Protein',69.99),(4,'Casein','Protein',54.99),(5,'Vegan Protein','Protein',64.99),
(6,'Creatine Monohydrate','Creatine',29.99),(7,'Creatine HCL','Creatine',34.99),(8,'Creatine Blend','Creatine',39.99),
(9,'BCAA Powder','BCAA',39.99),(10,'BCAA Capsules','BCAA',44.99),
(11,'Pre-Workout Mix','Pre-Workout',44.99),(12,'Pre-Workout Powder','Pre-Workout',49.99),
(13,'Shaker Bottle','Accessories',12.99),(14,'Wrist Wraps','Accessories',15.99),(15,'Resistance Bands','Accessories',19.99),(16,'Yoga Mat','Accessories',24.99),(17,'Gym Towel','Accessories',14.99),
(18,'Protein Snack Bar','Protein',3.99),(19,'Electrolyte Drink','BCAA',2.99),(20,'Jump Rope','Accessories',9.99);

-- Orders
INSERT INTO orders (order_id, customer_id, order_date) VALUES
(1,1,'2025-01-15'),(2,2,'2025-01-20'),(3,3,'2025-02-05'),(4,4,'2025-02-10'),(5,5,'2025-02-15'),
(6,6,'2025-03-01'),(7,7,'2025-03-05'),(8,8,'2025-03-10'),(9,9,'2025-03-15'),(10,10,'2025-03-20'),
(11,11,'2025-04-01'),(12,12,'2025-04-05'),(13,13,'2025-04-10'),(14,14,'2025-04-15'),(15,15,'2025-04-20'),
(16,16,'2025-05-01'),(17,17,'2025-05-05'),(18,18,'2025-05-10'),(19,19,'2025-05-15'),(20,20,'2025-05-20'),
(21,21,'2025-06-01'),(22,22,'2025-06-05'),(23,23,'2025-06-10'),(24,24,'2025-06-15'),(25,25,'2025-06-20'),
(26,26,'2025-07-01'),(27,27,'2025-07-05'),(28,28,'2025-07-10'),(29,29,'2025-07-15'),(30,30,'2025-07-20'),
(31,31,'2025-08-01'),(32,32,'2025-08-05'),(33,33,'2025-08-10'),(34,34,'2025-08-15'),(35,35,'2025-08-20'),
(36,36,'2025-09-01'),(37,37,'2025-09-05'),(38,38,'2025-09-10'),(39,39,'2025-09-15'),(40,40,'2025-09-20'),
(41,41,'2025-10-01'),(42,42,'2025-10-05'),(43,43,'2025-10-10'),(44,44,'2025-10-15'),(45,45,'2025-10-20'),
(46,46,'2025-11-01'),(47,47,'2025-11-05'),(48,48,'2025-11-10'),(49,49,'2025-11-15'),(50,50,'2025-11-20'),
(51,1,'2025-12-01'),(52,2,'2025-12-05'),(53,3,'2025-12-10'),(54,4,'2025-12-15'),(55,5,'2025-12-20');

-- Order Items
INSERT INTO order_items (order_item_id, order_id, product_id, revenue, churn_flag) VALUES
(1,1,1,49.99,1),(2,2,6,29.99,1),(3,3,2,59.99,1),(4,4,7,34.99,1),(5,5,3,69.99,1),
(6,6,8,39.99,1),(7,7,4,54.99,1),(8,8,9,39.99,1),(9,9,5,64.99,1),(10,10,10,44.99,1),
(11,11,11,44.99,1),(12,12,12,49.99,1),(13,13,13,12.99,1),(14,14,14,15.99,1),(15,15,15,19.99,1),
(16,16,16,24.99,1),(17,17,17,14.99,1),(18,18,18,3.99,1),(19,19,19,2.99,1),(20,20,20,9.99,1),
(21,21,1,49.99,0),(22,22,2,59.99,0),(23,23,3,69.99,0),(24,24,4,54.99,0),(25,25,5,64.99,0),
(26,26,6,29.99,0),(27,27,7,34.99,0),(28,28,8,39.99,0),(29,29,9,39.99,0),(30,30,10,44.99,0),
(31,31,11,44.99,0),(32,32,12,49.99,0),(33,33,13,12.99,0),(34,34,14,15.99,0),(35,35,15,19.99,0),
(36,36,16,24.99,0),(37,37,17,14.99,0),(38,38,18,3.99,0),(39,39,19,2.99,0),(40,40,20,9.99,0),
(41,41,1,49.99,0),(42,42,2,59.99,0),(43,43,3,69.99,0),(44,44,4,54.99,0),(45,45,5,64.99,0),
(46,46,6,29.99,0),(47,47,7,34.99,0),(48,48,8,39.99,0),(49,49,9,39.99,0),(50,50,10,44.99,0),
(51,51,11,44.99,0),(52,52,12,49.99,0),(53,53,13,12.99,0),(54,54,14,15.99,0),(55,55,15,19.99,0);
