-- =======================================
-- PeakWell Executive Dashboard Seed Data (Fixed)
-- =======================================

-- 1. Locations
INSERT INTO locations (location_id, city, state) VALUES
(1,'Boise','ID'),
(2,'Seattle','WA'),
(3,'Portland','OR'),
(4,'Denver','CO'),
(5,'Miami','FL'),
(6,'New York','NY'),
(7,'Chicago','IL'),
(8,'Los Angeles','CA'),
(9,'Dallas','TX'),
(10,'Boston','MA');

-- 2. Customers
INSERT INTO customers (customer_id, location_id, first_order_date) VALUES
(1,1,'2025-01-05'),
(2,2,'2025-01-06'),
(3,3,'2025-01-07'),
(4,4,'2025-01-08'),
(5,5,'2025-01-09'),
(6,1,'2025-01-10'),
(7,2,'2025-01-11'),
(8,3,'2025-01-12'),
(9,4,'2025-01-13'),
(10,5,'2025-01-14'),
(11,1,'2025-01-15'),
(12,2,'2025-01-16'),
(13,3,'2025-01-17'),
(14,4,'2025-01-18'),
(15,5,'2025-01-19'),
(16,1,'2025-01-20'),
(17,2,'2025-01-21'),
(18,3,'2025-01-22'),
(19,4,'2025-01-23'),
(20,5,'2025-01-24'),
(21,1,'2025-01-25'),
(22,2,'2025-01-26'),
(23,3,'2025-01-27'),
(24,4,'2025-01-28'),
(25,5,'2025-01-29'),
(26,1,'2025-01-30'),
(27,2,'2025-01-31'),
(28,3,'2025-02-01'),
(29,4,'2025-02-02'),
(30,5,'2025-02-03'),
(31,1,'2025-02-04'),
(32,2,'2025-02-05'),
(33,3,'2025-02-06'),
(34,4,'2025-02-07'),
(35,5,'2025-02-08'),
(36,1,'2025-02-09'),
(37,2,'2025-02-10'),
(38,3,'2025-02-11'),
(39,4,'2025-02-12'),
(40,5,'2025-02-13'),
(41,1,'2025-02-14'),
(42,2,'2025-02-15'),
(43,3,'2025-02-16'),
(44,4,'2025-02-17'),
(45,5,'2025-02-18'),
(46,1,'2025-02-19'),
(47,2,'2025-02-20'),
(48,3,'2025-02-21'),
(49,4,'2025-02-22'),
(50,5,'2025-02-23'), 
(1,1,'2025-01-05'),
(2,2,'2025-01-06'),
(3,3,'2025-01-07'),
(4,4,'2025-01-08'),
(5,5,'2025-01-09'),
(6,1,'2025-01-10'),
(7,2,'2025-01-11'),
(8,3,'2025-01-12'),
(9,4,'2025-01-13'),
(10,5,'2025-01-14'),
(11,1,'2025-01-15'),
(12,2,'2025-01-16'),
(13,3,'2025-01-17'),
(14,4,'2025-01-18'),
(15,5,'2025-01-19'),
(16,1,'2025-01-20'),
(17,2,'2025-01-21'),
(18,3,'2025-01-22'),
(19,4,'2025-01-23'),
(20,5,'2025-01-24'),
(21,1,'2025-01-25'),
(22,2,'2025-01-26'),
(23,3,'2025-01-27'),
(24,4,'2025-01-28'),
(25,5,'2025-01-29'),
(26,1,'2025-01-30'),
(27,2,'2025-01-31'),
(28,3,'2025-02-01'),
(29,4,'2025-02-02'),
(30,5,'2025-02-03'),
(31,1,'2025-02-04'),
(32,2,'2025-02-05'),
(33,3,'2025-02-06'),
(34,4,'2025-02-07'),
(35,5,'2025-02-08'),
(36,1,'2025-02-09'),
(37,2,'2025-02-10'),
(38,3,'2025-02-11'),
(39,4,'2025-02-12'),
(40,5,'2025-02-13'),
(41,1,'2025-02-14'),
(42,2,'2025-02-15'),
(43,3,'2025-02-16'),
(44,4,'2025-02-17'),
(45,5,'2025-02-18'),
(46,1,'2025-02-19'),
(47,2,'2025-02-20'),
(48,3,'2025-02-21'),
(49,4,'2025-02-22'),
(50,5,'2025-02-23'),
(51,1,'2025-02-24'),
(52,2,'2025-02-25'),
(53,3,'2025-02-26'),
(54,4,'2025-02-27'),
(55,5,'2025-02-28'),
(56,1,'2025-03-01'),
(57,2,'2025-03-02'),
(58,3,'2025-03-03'),
(59,4,'2025-03-04'),
(60,5,'2025-03-05'),
(61,1,'2025-03-06'),
(62,2,'2025-03-07'),
(63,3,'2025-03-08'),
(64,4,'2025-03-09'),
(65,5,'2025-03-10'),
(66,1,'2025-03-11'),
(67,2,'2025-03-12'),
(68,3,'2025-03-13'),
(69,4,'2025-03-14'),
(70,5,'2025-03-15'),
(71,1,'2025-03-16'),
(72,2,'2025-03-17'),
(73,3,'2025-03-18'),
(74,4,'2025-03-19'),
(75,5,'2025-03-20'),
(76,1,'2025-03-21'),
(77,2,'2025-03-22'),
(78,3,'2025-03-23'),
(79,4,'2025-03-24'),
(80,5,'2025-03-25'),
(81,1,'2025-03-26'),
(82,2,'2025-03-27'),
(83,3,'2025-03-28'),
(84,4,'2025-03-29'),
(85,5,'2025-03-30'),
(86,1,'2025-03-31'),
(87,2,'2025-04-01'),
(88,3,'2025-04-02'),
(89,4,'2025-04-03'),
(90,5,'2025-04-04'),
(91,1,'2025-04-05'),
(92,2,'2025-04-06'),
(93,3,'2025-04-07'),
(94,4,'2025-04-08'),
(95,5,'2025-04-09'),
(96,1,'2025-04-10'),
(97,2,'2025-04-11'),
(98,3,'2025-04-12'),
(99,4,'2025-04-13'),
(100,5,'2025-04-14');

-- 3. Products
INSERT INTO products (product_id, product_name, category, price) VALUES
(1,'Whey Protein','Protein',49.99),
(2,'Whey Isolate','Protein',59.99),
(3,'Hydrolyzed Whey','Protein',69.99),
(4,'Casein','Protein',54.99),
(5,'Vegan Protein','Protein',64.99),
(6,'Pre-Workout Blast','Supplements',39.99),
(7,'Creatine Monohydrate','Supplements',29.99),
(8,'BCAA Powder','Supplements',34.99),
(9,'Multivitamin Gummies','Supplements',19.99),
(10,'Omega-3 Fish Oil','Supplements',24.99),
(11,'Yoga Mat','Equipment',29.99),
(12,'Dumbbell Set 20lb','Equipment',79.99),
(13,'Resistance Bands','Equipment',19.99),
(14,'Shaker Bottle','Accessories',9.99),
(15,'Gym Towel','Accessories',12.99),
(16,'Protein Snack Bar','Nutrition',2.99),
(17,'Energy Gel','Nutrition',1.99),
(18,'Sports Water Bottle','Accessories',14.99),
(19,'Foam Roller','Equipment',39.99),
(20,'Weightlifting Gloves','Accessories',15.99);

-- 4. Orders
INSERT INTO orders (order_id, customer_id, order_date) VALUES
(1,1,'2025-01-05'),
(2,1,'2025-01-15'),
(3,1,'2025-02-03'),
(4,2,'2025-01-06'),
(5,2,'2025-01-20'),
(6,2,'2025-02-10'),
(7,3,'2025-01-07'),
(8,3,'2025-01-25'),
(9,3,'2025-02-12'),
(10,4,'2025-01-08'),
(11,4,'2025-01-22'),
(12,4,'2025-02-08'),
(13,5,'2025-01-09'),
(14,5,'2025-01-28'),
(15,5,'2025-02-13'),
(16,6,'2025-01-10'),
(17,6,'2025-02-01'),
(18,6,'2025-02-15'),
(19,7,'2025-01-11'),
(20,7,'2025-02-05'),
(21,7,'2025-02-20'),
(22,8,'2025-01-12'),
(23,8,'2025-02-06'),
(24,8,'2025-02-21'),
(25,9,'2025-01-13'),
(26,9,'2025-01-30'),
(27,9,'2025-02-14'),
(28,10,'2025-01-14'),
(29,10,'2025-02-07'),
(30,10,'2025-02-22'),
(31,11,'2025-01-15'),
(32,11,'2025-02-03'),
(33,12,'2025-01-16'),
(34,12,'2025-02-05'),
(35,12,'2025-02-18'),
(36,13,'2025-01-17'),
(37,13,'2025-02-06'),
(38,13,'2025-02-20'),
(39,14,'2025-01-18'),
(40,14,'2025-02-08'),
(41,15,'2025-01-19'),
(42,15,'2025-02-10'),
(43,16,'2025-01-20'),
(44,16,'2025-02-11'),
(45,16,'2025-02-24'),
(46,17,'2025-01-21'),
(47,17,'2025-02-13'),
(48,18,'2025-01-22'),
(49,18,'2025-02-14'),
(50,18,'2025-02-26'),
(51,19,'2025-01-23'),
(52,19,'2025-02-05'),
(53,19,'2025-02-19'),
(54,20,'2025-01-24'),
(55,20,'2025-02-06'),
(56,20,'2025-02-21'),
(57,21,'2025-01-25'),
(58,21,'2025-02-08'),
(59,22,'2025-01-26'),
(60,22,'2025-02-10'),
(61,23,'2025-01-27'),
(62,23,'2025-02-11'),
(63,23,'2025-02-24'),
(64,24,'2025-01-28'),
(65,24,'2025-02-12'),
(66,25,'2025-01-29'),
(67,25,'2025-02-14'),
(68,26,'2025-01-30'),
(69,26,'2025-02-15'),
(70,26,'2025-02-27'),
(71,27,'2025-01-31'),
(72,27,'2025-02-16'),
(73,28,'2025-02-01'),
(74,28,'2025-02-18'),
(75,28,'2025-03-02'),
(76,29,'2025-02-02'),
(77,29,'2025-02-19'),
(78,30,'2025-02-03'),
(79,30,'2025-02-20'),
(80,30,'2025-03-03'),
(81,31,'2025-02-04'),
(82,31,'2025-02-21'),
(83,32,'2025-02-05'),
(84,32,'2025-02-22'),
(85,33,'2025-02-06'),
(86,33,'2025-02-23'),
(87,33,'2025-03-05'),
(88,34,'2025-02-07'),
(89,34,'2025-02-24'),
(90,35,'2025-02-08'),
(91,35,'2025-02-25'),
(92,35,'2025-03-06'),
(93,36,'2025-02-09'),
(94,36,'2025-02-26'),
(95,37,'2025-02-10'),
(96,37,'2025-02-27'),
(97,37,'2025-03-07'),
(98,38,'2025-02-11'),
(99,38,'2025-02-28'),
(100,39,'2025-02-12'),
(101,40,'2025-02-13'),
(102,40,'2025-03-01'),
(103,41,'2025-02-14'),
(104,41,'2025-03-02'),
(105,41,'2025-03-15'),
(106,42,'2025-02-15'),
(107,42,'2025-03-03'),
(108,43,'2025-02-16'),
(109,43,'2025-03-04'),
(110,43,'2025-03-16'),
(111,44,'2025-02-17'),
(112,44,'2025-03-05'),
(113,45,'2025-02-18'),
(114,45,'2025-03-06'),
(115,45,'2025-03-17'),
(116,46,'2025-02-19'),
(117,46,'2025-03-07'),
(118,47,'2025-02-20'),
(119,47,'2025-03-08'),
(120,47,'2025-03-18'),
(121,48,'2025-02-21'),
(122,48,'2025-03-09'),
(123,49,'2025-02-22'),
(124,49,'2025-03-10'),
(125,49,'2025-03-19'),
(126,50,'2025-02-23'),
(127,50,'2025-03-11'),
(128,51,'2025-02-24'),
(129,51,'2025-03-12'),
(130,51,'2025-03-20'),
(131,52,'2025-02-25'),
(132,52,'2025-03-13'),
(133,53,'2025-02-26'),
(134,53,'2025-03-14'),
(135,53,'2025-03-21'),
(136,54,'2025-02-27'),
(137,54,'2025-03-15'),
(138,55,'2025-02-28'),
(139,55,'2025-03-16'),
(140,55,'2025-03-22'),
(141,56,'2025-03-01'),
(142,56,'2025-03-17'),
(143,57,'2025-03-02'),
(144,57,'2025-03-18'),
(145,57,'2025-03-23'),
(146,58,'2025-03-03'),
(147,58,'2025-03-19'),
(148,59,'2025-03-04'),
(149,59,'2025-03-20'),
(150,59,'2025-03-24'),
(151,60,'2025-03-05'),
(152,60,'2025-03-21'),
(153,61,'2025-03-06'),
(154,61,'2025-03-22'),
(155,61,'2025-03-25'),
(156,62,'2025-03-07'),
(157,62,'2025-03-23'),
(158,63,'2025-03-08'),
(159,63,'2025-03-24'),
(160,63,'2025-03-26'),
(161,64,'2025-03-09'),
(162,64,'2025-03-25'),
(163,65,'2025-03-10'),
(164,65,'2025-03-26'),
(165,65,'2025-03-27'),
(166,66,'2025-03-11'),
(167,66,'2025-03-27'),
(168,67,'2025-03-12'),
(169,67,'2025-03-28'),
(170,67,'2025-03-29'),
(171,68,'2025-03-13'),
(172,68,'2025-03-29'),
(173,69,'2025-03-14'),
(174,69,'2025-03-30'),
(175,69,'2025-03-31'),
(176,70,'2025-03-15'),
(177,70,'2025-03-31'),
(178,71,'2025-03-16'),
(179,71,'2025-04-01'),
(180,71,'2025-04-02'),
(181,72,'2025-03-17'),
(182,72,'2025-04-02'),
(183,73,'2025-03-18'),
(184,73,'2025-04-03'),
(185,73,'2025-04-04'),
(186,74,'2025-03-19'),
(187,74,'2025-04-04'),
(188,75,'2025-03-20'),
(189,75,'2025-04-05'),
(190,75,'2025-04-06'),
(191,76,'2025-03-21'),
(192,76,'2025-04-06'),
(193,77,'2025-03-22'),
(194,77,'2025-04-07'),
(195,77,'2025-04-08'),
(196,78,'2025-03-23'),
(197,78,'2025-04-08'),
(198,79,'2025-03-24'),
(199,79,'2025-04-09'),
(200,79,'2025-04-10'),
(201,80,'2025-03-25'),
(202,80,'2025-04-11'),
(203,81,'2025-03-26'),
(204,81,'2025-04-12'),
(205,81,'2025-04-13'),
(206,82,'2025-03-27'),
(207,82,'2025-04-14'),
(208,83,'2025-03-28'),
(209,83,'2025-04-15'),
(210,83,'2025-04-16'),
(211,84,'2025-03-29'),
(212,84,'2025-04-17'),
(213,85,'2025-03-30'),
(214,85,'2025-04-18'),
(215,85,'2025-04-19'),
(216,86,'2025-03-31'),
(217,86,'2025-04-20'),
(218,87,'2025-04-01'),
(219,87,'2025-04-21'),
(220,87,'2025-04-22'),
(221,88,'2025-04-02'),
(222,88,'2025-04-23'),
(223,89,'2025-04-03'),
(224,89,'2025-04-24'),
(225,89,'2025-04-25'),
(226,90,'2025-04-04'),
(227,90,'2025-04-26'),
(228,91,'2025-04-05'),
(229,91,'2025-04-27'),
(230,91,'2025-04-28'),
(231,92,'2025-04-06'),
(232,92,'2025-04-29'),
(233,93,'2025-04-07'),
(234,93,'2025-04-30'),
(235,93,'2025-05-01'),
(236,94,'2025-04-08'),
(237,94,'2025-05-02'),
(238,95,'2025-04-09'),
(239,95,'2025-05-03'),
(240,95,'2025-05-04'),
(241,96,'2025-04-10'),
(242,96,'2025-05-05'),
(243,97,'2025-04-11'),
(244,97,'2025-05-06'),
(245,97,'2025-05-07'),
(246,98,'2025-04-12'),
(247,98,'2025-05-08'),
(248,99,'2025-04-13'),
(249,99,'2025-05-09'),
(250,100,'2025-04-14');

-- 5. Order Items
INSERT INTO order_items (order_item_id, order_id, product_id, quantity, price) VALUES
(1,1,1,1,49.99),
(2,1,2,1,59.99),
(3,2,3,1,69.99),
(4,3,4,1,54.99),
(5,4,5,1,64.99),
(6,5,1,2,49.99);
