-- =======================================
-- PeakWell Executive Dashboard Seed Data (Fixed)
-- =======================================

-- 1. Locations
INSERT INTO locations (location_id, city, state) VALUES
(1,'Boise','ID'),
(2,'Seattle','WA'),
(3,'Portland','OR'),
(4,'Denver','CO'),
(5,'Miami','FL'),
(6,'New York','NY'),
(7,'Chicago','IL'),
(8,'Los Angeles','CA'),
(9,'Dallas','TX'),
(10,'Boston','MA');

-- 2. Customers
INSERT INTO customers (customer_id, location_id, first_order_date) VALUES
(1,1,'2025-01-05'),
(2,2,'2025-01-06'),
(3,3,'2025-01-07'),
(4,4,'2025-01-08'),
(5,5,'2025-01-09'),
(6,1,'2025-01-10'),
(7,2,'2025-01-11'),
(8,3,'2025-01-12'),
(9,4,'2025-01-13'),
(10,5,'2025-01-14'),
(11,1,'2025-01-15'),
(12,2,'2025-01-16'),
(13,3,'2025-01-17'),
(14,4,'2025-01-18'),
(15,5,'2025-01-19'),
(16,1,'2025-01-20'),
(17,2,'2025-01-21'),
(18,3,'2025-01-22'),
(19,4,'2025-01-23'),
(20,5,'2025-01-24'),
(21,1,'2025-01-25'),
(22,2,'2025-01-26'),
(23,3,'2025-01-27'),
(24,4,'2025-01-28'),
(25,5,'2025-01-29'),
(26,1,'2025-01-30'),
(27,2,'2025-01-31'),
(28,3,'2025-02-01'),
(29,4,'2025-02-02'),
(30,5,'2025-02-03'),
(31,1,'2025-02-04'),
(32,2,'2025-02-05'),
(33,3,'2025-02-06'),
(34,4,'2025-02-07'),
(35,5,'2025-02-08'),
(36,1,'2025-02-09'),
(37,2,'2025-02-10'),
(38,3,'2025-02-11'),
(39,4,'2025-02-12'),
(40,5,'2025-02-13'),
(41,1,'2025-02-14'),
(42,2,'2025-02-15'),
(43,3,'2025-02-16'),
(44,4,'2025-02-17'),
(45,5,'2025-02-18'),
(46,1,'2025-02-19'),
(47,2,'2025-02-20'),
(48,3,'2025-02-21'),
(49,4,'2025-02-22'),
(50,5,'2025-02-23'), 
(1,1,'2025-01-05'),
(2,2,'2025-01-06'),
(3,3,'2025-01-07'),
(4,4,'2025-01-08'),
(5,5,'2025-01-09'),
(6,1,'2025-01-10'),
(7,2,'2025-01-11'),
(8,3,'2025-01-12'),
(9,4,'2025-01-13'),
(10,5,'2025-01-14'),
(11,1,'2025-01-15'),
(12,2,'2025-01-16'),
(13,3,'2025-01-17'),
(14,4,'2025-01-18'),
(15,5,'2025-01-19'),
(16,1,'2025-01-20'),
(17,2,'2025-01-21'),
(18,3,'2025-01-22'),
(19,4,'2025-01-23'),
(20,5,'2025-01-24'),
(21,1,'2025-01-25'),
(22,2,'2025-01-26'),
(23,3,'2025-01-27'),
(24,4,'2025-01-28'),
(25,5,'2025-01-29'),
(26,1,'2025-01-30'),
(27,2,'2025-01-31'),
(28,3,'2025-02-01'),
(29,4,'2025-02-02'),
(30,5,'2025-02-03'),
(31,1,'2025-02-04'),
(32,2,'2025-02-05'),
(33,3,'2025-02-06'),
(34,4,'2025-02-07'),
(35,5,'2025-02-08'),
(36,1,'2025-02-09'),
(37,2,'2025-02-10'),
(38,3,'2025-02-11'),
(39,4,'2025-02-12'),
(40,5,'2025-02-13'),
(41,1,'2025-02-14'),
(42,2,'2025-02-15'),
(43,3,'2025-02-16'),
(44,4,'2025-02-17'),
(45,5,'2025-02-18'),
(46,1,'2025-02-19'),
(47,2,'2025-02-20'),
(48,3,'2025-02-21'),
(49,4,'2025-02-22'),
(50,5,'2025-02-23'),
(51,1,'2025-02-24'),
(52,2,'2025-02-25'),
(53,3,'2025-02-26'),
(54,4,'2025-02-27'),
(55,5,'2025-02-28'),
(56,1,'2025-03-01'),
(57,2,'2025-03-02'),
(58,3,'2025-03-03'),
(59,4,'2025-03-04'),
(60,5,'2025-03-05'),
(61,1,'2025-03-06'),
(62,2,'2025-03-07'),
(63,3,'2025-03-08'),
(64,4,'2025-03-09'),
(65,5,'2025-03-10'),
(66,1,'2025-03-11'),
(67,2,'2025-03-12'),
(68,3,'2025-03-13'),
(69,4,'2025-03-14'),
(70,5,'2025-03-15'),
(71,1,'2025-03-16'),
(72,2,'2025-03-17'),
(73,3,'2025-03-18'),
(74,4,'2025-03-19'),
(75,5,'2025-03-20'),
(76,1,'2025-03-21'),
(77,2,'2025-03-22'),
(78,3,'2025-03-23'),
(79,4,'2025-03-24'),
(80,5,'2025-03-25'),
(81,1,'2025-03-26'),
(82,2,'2025-03-27'),
(83,3,'2025-03-28'),
(84,4,'2025-03-29'),
(85,5,'2025-03-30'),
(86,1,'2025-03-31'),
(87,2,'2025-04-01'),
(88,3,'2025-04-02'),
(89,4,'2025-04-03'),
(90,5,'2025-04-04'),
(91,1,'2025-04-05'),
(92,2,'2025-04-06'),
(93,3,'2025-04-07'),
(94,4,'2025-04-08'),
(95,5,'2025-04-09'),
(96,1,'2025-04-10'),
(97,2,'2025-04-11'),
(98,3,'2025-04-12'),
(99,4,'2025-04-13'),
(100,5,'2025-04-14');

-- 3. Products
INSERT INTO products (product_id, product_name, category, price) VALUES
(1,'Whey Protein','Protein',49.99),
(2,'Whey Isolate','Protein',59.99),
(3,'Hydrolyzed Whey','Protein',69.99),
(4,'Casein','Protein',54.99),
(5,'Vegan Protein','Protein',64.99);

-- 4. Orders
INSERT INTO orders (order_id, customer_id, order_date) VALUES
(1,1,'2025-01-05'),
(2,2,'2025-01-06'),
(3,3,'2025-01-07'),
(4,4,'2025-01-08'),
(5,5,'2025-01-09');

-- 5. Order Items
INSERT INTO order_items (order_item_id, order_id, product_id, quantity, price) VALUES
(1,1,1,1,49.99),
(2,1,2,1,59.99),
(3,2,3,1,69.99),
(4,3,4,1,54.99),
(5,4,5,1,64.99),
(6,5,1,2,49.99);
