-- =======================================
-- PeakWell Executive Dashboard Seed Data
-- =======================================

-- 1. Locations
INSERT INTO locations (location_id, city, state) VALUES
(1,'Boise','ID'),
(2,'Seattle','WA'),
(3,'Portland','OR'),
(4,'Denver','CO'),
(5,'Miami','FL'),
(6,'New York','NY'),
(7,'Chicago','IL'),
(8,'Los Angeles','CA'),
(9,'Dallas','TX'),
(10,'Boston','MA');

-- 2. Customers
INSERT INTO customers (customer_id, location_id, first_order_date) VALUES
(1,1,'2025-01-05'),(2,2,'2025-01-06'),(3,3,'2025-01-07'),(4,4,'2025-01-08'),(5,5,'2025-01-09'),
(6,6,'2025-01-10'),(7,7,'2025-01-11'),(8,8,'2025-01-12'),(9,9,'2025-01-13'),(10,10,'2025-01-14'),
(11,1,'2025-01-15'),(12,2,'2025-01-16'),(13,3,'2025-01-17'),(14,4,'2025-01-18'),(15,5,'2025-01-19'),
(16,6,'2025-01-20'),(17,7,'2025-01-21'),(18,8,'2025-01-22'),(19,9,'2025-01-23'),(20,10,'2025-01-24'),
(21,1,'2025-02-01'),(22,2,'2025-02-02'),(23,3,'2025-02-03'),(24,4,'2025-02-04'),(25,5,'2025-02-05'),
(26,6,'2025-02-06'),(27,7,'2025-02-07'),(28,8,'2025-02-08'),(29,9,'2025-02-09'),(30,10,'2025-02-10'),
(31,1,'2025-03-01'),(32,2,'2025-03-02'),(33,3,'2025-03-03'),(34,4,'2025-03-04'),(35,5,'2025-03-05'),
(36,6,'2025-03-06'),(37,7,'2025-03-07'),(38,8,'2025-03-08'),(39,9,'2025-03-09'),(40,10,'2025-03-10'),
(41,1,'2025-04-01'),(42,2,'2025-04-02'),(43,3,'2025-04-03'),(44,4,'2025-04-04'),(45,5,'2025-04-05'),
(46,6,'2025-04-06'),(47,7,'2025-04-07'),(48,8,'2025-04-08'),(49,9,'2025-04-09'),(50,10,'2025-04-10'),
(51,1,'2025-05-01'),(52,2,'2025-05-02'),(53,3,'2025-05-03'),(54,4,'2025-05-04'),(55,5,'2025-05-05'),
(56,6,'2025-05-06'),(57,7,'2025-05-07'),(58,8,'2025-05-08'),(59,9,'2025-05-09'),(60,10,'2025-05-10'),
(61,1,'2025-06-01'),(62,2,'2025-06-02'),(63,3,'2025-06-03'),(64,4,'2025-06-04'),(65,5,'2025-06-05'),
(66,6,'2025-06-06'),(67,7,'2025-06-07'),(68,8,'2025-06-08'),(69,9,'2025-06-09'),(70,10,'2025-06-10'),
(71,1,'2025-07-01'),(72,2,'2025-07-02'),(73,3,'2025-07-03'),(74,4,'2025-07-04'),(75,5,'2025-07-05'),
(76,6,'2025-07-06'),(77,7,'2025-07-07'),(78,8,'2025-07-08'),(79,9,'2025-07-09'),(80,10,'2025-07-10'),
(81,1,'2025-08-01'),(82,2,'2025-08-02'),(83,3,'2025-08-03'),(84,4,'2025-08-04'),(85,5,'2025-08-05'),
(86,6,'2025-08-06'),(87,7,'2025-08-07'),(88,8,'2025-08-08'),(89,9,'2025-08-09'),(90,10,'2025-08-10'),
(91,1,'2025-09-01'),(92,2,'2025-09-02'),(93,3,'2025-09-03'),(94,4,'2025-09-04'),(95,5,'2025-09-05'),
(96,6,'2025-09-06'),(97,7,'2025-09-07'),(98,8,'2025-09-08'),(99,9,'2025-09-09'),(100,10,'2025-09-10'),
(101,1,'2025-10-01'),(102,2,'2025-10-02'),(103,3,'2025-10-03'),(104,4,'2025-10-04'),(105,5,'2025-10-05'),
(106,6,'2025-10-06'),(107,7,'2025-10-07'),(108,8,'2025-10-08'),(109,9,'2025-10-09'),(110,10,'2025-10-10'),
(111,1,'2025-11-01'),(112,2,'2025-11-02'),(113,3,'2025-11-03'),(114,4,'2025-11-04'),(115,5,'2025-11-05'),
(116,6,'2025-11-06'),(117,7,'2025-11-07'),(118,8,'2025-11-08'),(119,9,'2025-11-09'),(120,10,'2025-11-10'),
(121,1,'2025-12-01'),(122,2,'2025-12-02'),(123,3,'2025-12-03'),(124,4,'2025-12-04'),(125,5,'2025-12-05'),
(126,6,'2025-12-06'),(127,7,'2025-12-07'),(128,8,'2025-12-08'),(129,9,'2025-12-09'),(130,10,'2025-12-10'),
(131,1,'2025-01-01'),(132,2,'2025-01-02'),(133,3,'2025-01-03'),(134,4,'2025-01-04'),(135,5,'2025-01-05'),
(136,6,'2025-01-06'),(137,7,'2025-01-07'),(138,8,'2025-01-08'),(139,9,'2025-01-09'),(140,10,'2025-01-10'),
(141,1,'2025-02-01'),(142,2,'2025-02-02'),(143,3,'2025-02-03'),(144,4,'2025-02-04'),(145,5,'2025-02-05'),
(146,6,'2025-02-06'),(147,7,'2025-02-07'),(148,8,'2025-02-08'),(149,9,'2025-02-09'),(150,10,'2025-02-10'),
(151,1,'2025-03-01'),(152,2,'2025-03-02'),(153,3,'2025-03-03'),(154,4,'2025-03-04'),(155,5,'2025-03-05'),
(156,6,'2025-03-06'),(157,7,'2025-03-07'),(158,8,'2025-03-08'),(159,9,'2025-03-09'),(160,10,'2025-03-10'),
(161,1,'2025-04-01'),(162,2,'2025-04-02'),(163,3,'2025-04-03'),(164,4,'2025-04-04'),(165,5,'2025-04-05'),
(166,6,'2025-04-06'),(167,7,'2025-04-07'),(168,8,'2025-04-08'),(169,9,'2025-04-09'),(170,10,'2025-04-10'),
(171,1,'2025-05-01'),(172,2,'2025-05-02'),(173,3,'2025-05-03'),(174,4,'2025-05-04'),(175,5,'2025-05-05'),
(176,6,'2025-05-06'),(177,7,'2025-05-07'),(178,8,'2025-05-08'),(179,9,'2025-05-09'),(180,10,'2025-05-10')

-- 3. Products
INSERT INTO products (product_id, product_name, category, price) VALUES
(1,'Whey Protein','Protein',49.99),
(2,'Whey Isolate','Protein',59.99),
(3,'Hydrolyzed Whey','Protein',69.99),
(4,'Casein','Protein',54.99),
(5,'Vegan Protein','Protein',64.99),
(6,'Protein Snack Bar','Protein',3.99),
(7,'Protein Cookies','Protein',4.49),
(8,'Protein Brownie','Protein',4.99),
(9,'Creatine Monohydrate','Creatine',29.99),
(10,'Creatine HCL','Creatine',34.99),
(11,'Creatine Blend','Creatine',39.99),
(12,'BCAA Powder','BCAA',39.99),
(13,'BCAA Capsules','BCAA',44.99),
(14,'Electrolyte Drink','BCAA',2.99),
(15,'Pre-Workout Mix','Pre-Workout',44.99),
(16,'Pre-Workout Powder','Pre-Workout',49.99),
(17,'Pre-Workout Gummies','Pre-Workout',24.99),
(18,'Shaker Bottle','Accessories',12.99),
(19,'Wrist Wraps','Accessories',15.99),
(20,'Resistance Bands','Accessories',19.99),
(21,'Yoga Mat','Accessories',24.99),
(22,'Gym Towel','Accessories',14.99),
(23,'Foam Roller','Accessories',29.99),
(24,'Jump Rope','Accessories',9.99),
(25,'Weight Lifting Gloves','Accessories',19.99),
(26,'Kettlebell','Accessories',34.99),
(27,'Dumbbell Set','Accessories',79.99),
(28,'Protein Pancake Mix','Protein',12.99),
(29,'Collagen Peptides','Protein',39.99),
(30,'Omega-3 Capsules','Supplements',19.99),
(31,'Multivitamin','Supplements',14.99),
(32,'Vitamin D','Supplements',9.99),
(33,'Magnesium','Supplements',12.99),
(34,'Pre-Workout Tea','Pre-Workout',14.99),
(35,'Electrolyte Tablets','BCAA',7.99),
(36,'Energy Gel','Snacks',3.49),
(37,'Energy Bar','Snacks',2.99),
(38,'Protein Muffin','Snacks',3.99),
(39,'Protein Coffee','Protein',5.99),
(40,'Amino Acid Powder','BCAA',29.99),
(41,'Beta-Alanine','Supplements',24.99),
(42,'L-Glutamine','Supplements',19.99),
(43,'Protein Water','Protein',2.99),
(44,'Keto Protein Bar','Protein',3.99),
(45,'Electrolyte Drink Mix','BCAA',4.99),
(46,'Weightlifting Belt','Accessories',34.99),
(47,'Pull-Up Bands','Accessories',14.99),
(48,'Agility Ladder','Accessories',19.99),
(49,'Balance Board','Accessories',39.99),
(50,'Yoga Block','Accessories',9.99);

-- 4. Orders
INSERT INTO orders (order_id, customer_id, order_date) VALUES
(1,1,'2025-01-05'),(2,1,'2025-02-15'),(3,2,'2025-01-10'),(4,2,'2025-03-20'),
(5,3,'2025-01-15'),(6,3,'2025-04-05'),(7,4,'2025-01-20'),(8,4,'2025-04-25'),
(9,5,'2025-01-25'),(10,5,'2025-05-10'),(11,6,'2025-02-01'),(12,6,'2025-05-15'),
(13,7,'2025-02-05'),(14,7,'2025-06-01'),(15,8,'2025-02-10'),(16,8,'2025-06-05'),
(17,9,'2025-02-15'),(18,9,'2025-07-01'),(19,10,'2025-02-20'),(20,10,'2025-07-05'),
(21,11,'2025-03-01'),(22,11,'2025-07-10'),(23,12,'2025-03-05'),(24,12,'2025-07-15'),
(25,13,'2025-03-10'),(26,13,'2025-08-01'),(27,14,'2025-03-15'),(28,14,'2025-08-05'),
(29,15,'2025-03-20'),(30,15,'2025-08-10'),(31,16,'2025-04-01'),(32,16,'2025-08-15'),
(33,17,'2025-04-05'),(34,17,'2025-09-01'),(35,18,'2025-04-10'),(36,18,'2025-09-05'),
(37,19,'2025-04-15'),(38,19,'2025-09-10'),(39,20,'2025-04-20'),(40,20,'2025-09-15'),
(41,21,'2025-05-01'),(42,21,'2025-10-01'),(43,22,'2025-05-05'),(44,22,'2025-10-05'),
(45,23,'2025-05-10'),(46,23,'2025-10-10'),(47,24,'2025-05-15'),(48,24,'2025-10-15'),
(49,25,'2025-05-20'),(50,25,'2025-10-20'),(51,26,'2025-06-01'),(52,26,'2025-11-01'),
(53,27,'2025-06-05'),(54,27,'2025-11-05'),(55,28,'2025-06-10'),(56,28,'2025-11-10'),
(57,29,'2025-06-15'),(58,29,'2025-11-15'),(59,30,'2025-06-20'),(60,30,'2025-11-20'),
(61,31,'2025-07-01'),(62,31,'2025-12-01'),(63,32,'2025-07-05'),(64,32,'2025-12-05'),
(65,33,'2025-07-10'),(66,33,'2025-12-10'),(67,34,'2025-07-15'),(68,34,'2025-12-15'),
(69,35,'2025-07-20'),(70,35,'2025-12-20'),(71,36,'2025-08-01'),(72,36,'2025-12-25'),
(73,37,'2025-08-05'),(74,37,'2025-12-28'),(75,38,'2025-08-10'),(76,38,'2025-12-30'),
(77,39,'2025-08-15'),(78,39,'2025-12-15'),(79,40,'2025-08-20'),(80,40,'2025-12-20'),
(81,41,'2025-09-01'),(82,41,'2025-12-05'),(83,42,'2025-09-05'),(84,42,'2025-12-10'),
(85,43,'2025-09-10'),(86,43,'2025-12-15'),(87,44,'2025-09-15'),(88,44,'2025-12-20'),
(89,45,'2025-09-20'),(90,45,'2025-12-25'),(91,46,'2025-10-01'),(92,46,'2025-12-05'),
(93,47,'2025-10-05'),(94,47,'2025-12-10'),(95,48,'2025-10-10'),(96,48,'2025-12-15'),
(97,49,'2025-10-15'),(98,49,'2025-12-20'),(99,50,'2025-10-20'),(100,50,'2025-12-25'),
(101,51,'2025-01-05'),(102,51,'2025-02-10'),(103,52,'2025-01-10'),(104,52,'2025-02-15'),
(105,53,'2025-01-15'),(106,53,'2025-03-05'),(107,54,'2025-01-20'),(108,54,'2025-03-10'),
(109,55,'2025-01-25'),(110,55,'2025-03-15'),(111,56,'2025-02-01'),(112,56,'2025-03-20'),
(113,57,'2025-02-05'),(114,57,'2025-04-01'),(115,58,'2025-02-10'),(116,58,'2025-04-05'),
(117,59,'2025-02-15'),(118,59,'2025-04-10'),(119,60,'2025-02-20'),(120,60,'2025-04-15'),
(121,61,'2025-03-01'),(122,61,'2025-05-01'),(123,62,'2025-03-05'),(124,62,'2025-05-05'),
(125,63,'2025-03-10'),(126,63,'2025-05-10'),(127,64,'2025-03-15'),(128,64,'2025-05-15'),
(129,65,'2025-03-20'),(130,65,'2025-05-20'),(131,66,'2025-04-01'),(132,66,'2025-06-01'),
(133,67,'2025-04-05'),(134,67,'2025-06-05'),(135,68,'2025-04-10'),(136,68,'2025-06-10'),
(137,69,'2025-04-15'),(138,69,'2025-06-15'),(139,70,'2025-04-20'),(140,70,'2025-06-20'),
(141,71,'2025-05-01'),(142,71,'2025-07-01'),(143,72,'2025-05-05'),(144,72,'2025-07-05'),
(145,73,'2025-05-10'),(146,73,'2025-07-10'),(147,74,'2025-05-15'),(148,74,'2025-07-15'),
(149,75,'2025-05-20'),(150,75,'2025-07-20'),(151,76,'2025-06-01'),(152,76,'2025-08-01'),
(153,77,'2025-06-05'),(154,77,'2025-08-05'),(155,78,'2025-06-10'),(156,78,'2025-08-10'),
(157,79,'2025-06-15'),(158,79,'2025-08-15'),(159,80,'2025-06-20'),(160,80,'2025-08-20'),
(161,81,'2025-07-01'),(162,81,'2025-09-01'),(163,82,'2025-07-05'),(164,82,'2025-09-05'),
(165,83,'2025-07-10'),(166,83,'2025-09-10'),(167,84,'2025-07-15'),(168,84,'2025-09-15'),
(169,85,'2025-07-20'),(170,85,'2025-09-20'),(171,86,'2025-08-01'),(172,86,'2025-10-01'),
(173,87,'2025-08-05'),(174,87,'2025-10-05'),(175,88,'2025-08-10'),(176,88,'2025-10-10'),
(177,89,'2025-08-15'),(178,89,'2025-10-15'),(179,90,'2025-08-20'),(180,90,'2025-10-20'),
(181,91,'2025-09-01'),(182,91,'2025-11-01'),(183,92,'2025-09-05'),(184,92,'2025-11-05'),
(185,93,'2025-09-10'),(186,93,'2025-11-10'),(187,94,'2025-09-15'),(188,94,'2025-11-15'),
(189,95,'2025-09-20'),(190,95,'2025-11-20'),(191,96,'2025-10-01'),(192,96,'2025-12-01'),
(193,97,'2025-10-05'),(194,97,'2025-12-05'),(195,98,'2025-10-10'),(196,98,'2025-12-10'),
(197,99,'2025-10-15'),(198,99,'2025-12-15'),(199,100,'2025-10-20'),(200,100,'2025-12-20'),
(201,101,'2025-01-05'),(202,101,'2025-02-05'),(203,102,'2025-01-10'),(204,102,'2025-02-10'),
(205,103,'2025-01-15'),(206,103,'2025-02-15'),(207,104,'2025-01-20'),(208,104,'2025-02-20'),
(209,105,'2025-01-25'),(210,105,'2025-02-25'),(211,106,'2025-02-01'),(212,106,'2025-03-01'),
(213,107,'2025-02-05'),(214,107,'2025-03-05'),(215,108,'2025-02-10'),(216,108,'2025-03-10'),
(217,109,'2025-02-15'),(218,109,'2025-03-15'),(219,110,'2025-02-20'),(220,110,'2025-03-20'),
(221,111,'2025-03-01'),(222,111,'2025-04-01'),(223,112,'2025-03-05'),(224,112,'2025-04-05'),
(225,113,'2025-03-10'),(226,113,'2025-04-10'),(227,114,'2025-03-15'),(228,114,'2025-04-15'),
(229,115,'2025-03-20'),(230,115,'2025-04-20'),(231,116,'2025-04-01'),(232,116,'2025-05-01'),
(233,117,'2025-04-05'),(234,117,'2025-05-05'),(235,118,'2025-04-10'),(236,118,'2025-05-10'),
(237,119,'2025-04-15'),(238,119,'2025-05-15'),(239,120,'2025-04-20'),(240,120,'2025-05-20'),
(241,121,'2025-05-01'),(242,121,'2025-06-01'),(243,122,'2025-05-05'),(244,122,'2025-06-05'),
(245,123,'2025-05-10'),(246,123,'2025-06-10'),(247,124,'2025-05-15'),(248,124,'2025-06-15'),
(249,125,'2025-05-20'),(250,125,'2025-06-20'),(251,126,'2025-06-01'),(252,126,'2025-07-01'),
(253,127,'2025-06-05'),(254,127,'2025-07-05'),(255,128,'2025-06-10'),(256,128,'2025-07-10'),
(257,129,'2025-06-15'),(258,129,'2025-07-15'),(259,130,'2025-06-20'),(260,130,'2025-07-20'),
(261,131,'2025-07-01'),(262,131,'2025-08-01'),(263,132,'2025-07-05'),(264,132,'2025-08-05'),
(265,133,'2025-07-10'),(266,133,'2025-08-10'),(267,134,'2025-07-15'),(268,134,'2025-08-15'),
(269,135,'2025-07-20'),(270,135,'2025-08-20'),(271,136,'2025-08-01'),(272,136,'2025-09-01'),
(273,137,'2025-08-05'),(274,137,'2025-09-05'),(275,138,'2025-08-10'),(276,138,'2025-09-10'),
(277,139,'2025-08-15'),(278,139,'2025-09-15'),(279,140,'2025-08-20'),(280,140,'2025-09-20'),
(281,141,'2025-09-01'),(282,141,'2025-10-01'),(283,142,'2025-09-05'),(284,142,'2025-10-05'),
(285,143,'2025-09-10'),(286,143,'2025-10-10'),(287,144,'2025-09-15'),(288,144,'2025-10-15'),
(289,145,'2025-09-20'),(290,145,'2025-10-20'),(291,146,'2025-10-01'),(292,146,'2025-11-01'),
(293,147,'2025-10-05'),(294,147,'2025-11-05'),(295,148,'2025-10-10'),(296,148,'2025-11-10'),
(297,149,'2025-10-15'),(298,149,'2025-11-15'),(299,150,'2025-10-20'),(300,150,'2025-11-20'),
(301,151,'2025-11-01'),(302,151,'2025-12-01'),(303,152,'2025-11-05'),(304,152,'2025-12-05'),
(305,153,'2025-11-10'),(306,153,'2025-12-10'),(307,154,'2025-11-15'),(308,154,'2025-12-15'),
(309,155,'2025-11-20'),(310,155,'2025-12-20'),(311,156,'2025-12-01'),(312,156,'2025-12-25'),
(313,157,'2025-12-05'),(314,157,'2025-12-30'),(315,158,'2025-12-10'),(316,158,'2025-12-31'),
(317,159,'2025-12-15'),(318,159,'2025-12-31'),(319,160,'2025-12-20'),(320,160,'2025-12-31'),
(321,161,'2025-01-05'),(322,161,'2025-02-05'),(323,162,'2025-01-10'),(324,162,'2025-02-10'),
(325,163,'2025-01-15'),(326,163,'2025-02-15'),(327,164,'2025-01-20'),(328,164,'2025-02-20'),
(329,165,'2025-01-25'),(330,165,'2025-02-25'),(331,166,'2025-02-01'),(332,166,'2025-03-01'),
(333,167,'2025-02-05'),(334,167,'2025-03-05'),(335,168,'2025-02-10'),(336,168,'2025-03-10'),
(337,169,'2025-02-15'),(338,169,'2025-03-15'),(339,170,'2025-02-20'),(340,170,'2025-03-20'),
(341,171,'2025-03-01'),(342,171,'2025-04-01'),(343,172,'2025-03-05'),(344,172,'2025-04-05'),
(345,173,'2025-03-10'),(346,173,'2025-04-10'),(347,174,'2025-03-15'),(348,174,'2025-04-15'),
(349,175,'2025-03-20'),(350,175,'2025-04-20'),(351,176,'2025-04-01'),(352,176,'2025-05-01'),
(353,177,'2025-04-05'),(354,177,'2025-05-05'),(355,178,'2025-04-10'),(356,178,'2025-05-10'),
(357,179,'2025-04-15'),(358,179,'2025-05-15'),(359,180,'2025-04-20'),(360,180,'2025-05-20'),
(361, 1, '2025-06-20'), (362, 2, '2025-06-21'), (363, 3, '2025-06-22'), (364, 4, '2025-06-23'),
(365, 5, '2025-06-24'), (366, 6, '2025-06-25'), (367, 7, '2025-06-26'), (368, 8, '2025-06-27'),
(369, 9, '2025-06-28'), (370, 10, '2025-06-29'), (371, 11, '2025-06-30'), (372, 12, '2025-07-01'),
(373, 13, '2025-07-02'), (374, 14, '2025-07-03'), (375, 15, '2025-07-04'), (376, 16, '2025-07-05'),
(377, 17, '2025-07-06'), (378, 18, '2025-07-07'), (379, 19, '2025-07-08'), (380, 20, '2025-07-09'),
(381, 21, '2025-07-10'), (382, 22, '2025-07-11'), (383, 23, '2025-07-12'), (384, 24, '2025-07-13'),
(385, 25, '2025-07-14'), (386, 26, '2025-07-15'), (387, 27, '2025-07-16'), (388, 28, '2025-07-17'),
(389, 29, '2025-07-18'), (390, 30, '2025-07-19'), (391, 31, '2025-07-20'), (392, 32, '2025-07-21'),
(393, 33, '2025-07-22'), (394, 34, '2025-07-23'), (395, 35, '2025-07-24'), (396, 36, '2025-07-25'),
(397, 37, '2025-07-26'), (398, 38, '2025-07-27'), (399, 39, '2025-07-28'), (400, 40, '2025-07-29'),
(401, 41, '2025-07-30'), (402, 42, '2025-07-31'), (403, 43, '2025-08-01'), (404, 44, '2025-08-02'),
(405, 45, '2025-08-03'), (406, 46, '2025-08-04'), (407, 47, '2025-08-05'), (408, 48, '2025-08-06'),
(409, 49, '2025-08-07'), (410, 50, '2025-08-08'), (411, 51, '2025-08-09'), (412, 52, '2025-08-10'),
(413, 53, '2025-08-11'), (414, 54, '2025-08-12'), (415, 55, '2025-08-13'), (416, 56, '2025-08-14'),
(417, 57, '2025-08-15'), (418, 58, '2025-08-16'), (419, 59, '2025-08-17'), (420, 60, '2025-08-18'),
(421, 61, '2025-08-19'), (422, 62, '2025-08-20'), (423, 63, '2025-08-21'), (424, 64, '2025-08-22'),
(425, 65, '2025-08-23'), (426, 66, '2025-08-24'), (427, 67, '2025-08-25'), (428, 68, '2025-08-26'),
(429, 69, '2025-08-27'), (430, 70, '2025-08-28'), (431, 71, '2025-08-29'), (432, 72, '2025-08-30'),
(433, 73, '2025-08-31'), (434, 74, '2025-09-01'), (435, 75, '2025-09-02'), (436, 76, '2025-09-03'),
(437, 77, '2025-09-04'), (438, 78, '2025-09-05'), (439, 79, '2025-09-06'), (440, 80, '2025-09-07'),
(441, 81, '2025-09-08'), (442, 82, '2025-09-09'), (443, 83, '2025-09-10'), (444, 84, '2025-09-11'),
(445, 85, '2025-09-12'), (446, 86, '2025-09-13'), (447, 87, '2025-09-14'), (448, 88, '2025-09-15'),
(449, 89, '2025-09-16'), (450, 90, '2025-09-17'), (451, 91, '2025-09-18'), (452, 92, '2025-09-19'),
(453, 93, '2025-09-20'), (454, 94, '2025-09-21'), (455, 95, '2025-09-22'), (456, 96, '2025-09-23'),
(457, 97, '2025-09-24'), (458, 98, '2025-09-25'), (459, 99, '2025-09-26'), (460, 100, '2025-09-27'),
(461, 101, '2025-09-28'), (462, 102, '2025-09-29'), (463, 103, '2025-09-30'), (464, 104, '2025-10-01'),
(465, 105, '2025-10-02'), (466, 106, '2025-10-03'), (467, 107, '2025-10-04'), (468, 108, '2025-10-05'),
(469, 109, '2025-10-06'), (470, 110, '2025-10-07'), (471, 111, '2025-10-08'), (472, 112, '2025-10-09'),
(473, 113, '2025-10-10'), (474, 114, '2025-10-11'), (475, 115, '2025-10-12'), (476, 116, '2025-10-13'),
(477, 117, '2025-10-14'), (478, 118, '2025-10-15'), (479, 119, '2025-10-16'), (480, 120, '2025-10-17'),
(481, 121, '2025-10-18'), (482, 122, '2025-10-19'), (483, 123, '2025-10-20'), (484, 124, '2025-10-21'),
(485, 125, '2025-10-22'), (486, 126, '2025-10-23'), (487, 127, '2025-10-24'), (488, 128, '2025-10-25'),
(489, 129, '2025-10-26'), (490, 130, '2025-10-27'), (491, 131, '2025-10-28'), (492, 132, '2025-10-29'),
(493, 133, '2025-10-30'), (494, 134, '2025-10-31'), (495, 135, '2025-11-01'), (496, 136, '2025-11-02'),
(497, 137, '2025-11-03'), (498, 138, '2025-11-04'), (499, 139, '2025-11-05'), (500, 140, '2025-11-06');

-- 5. Order Items
INSERT INTO order_items (order_item_id, order_id, product_id, revenue) VALUES
(1,1,1,49.99),(2,1,13,12.99),(3,2,2,59.99),(4,2,14,15.99),(5,3,3,69.99),
(6,3,18,3.99),(7,4,4,54.99),(8,4,15,19.99),(9,5,5,64.99),(10,5,16,24.99),
(11,6,6,29.99),(12,6,13,12.99),(13,7,7,34.99),(14,7,14,15.99),(15,8,8,39.99),
(16,8,15,19.99),(17,9,9,39.99),(18,9,16,24.99),(19,10,10,44.99),(20,10,17,14.99);
;
